"Date","Central Government Domestic Debt Outstanding (TT$Mn)","Central Government External Debt Outstanding (TT$Mn)","Central Government Total Debt Outstanding (TT$Mn)","Central Government Debt Management Bills Issuances (TT$Mn)","Central Government Debt Management Bills Repayments (TT$Mn)","Central Government Debt Management Bills Outstanding (TT$Mn)","Central Government Open Market Treasury Bill Issuances (TT$M)","Central Government Open Market Treasury Bill Repayments (TT$M)","Central Government Open Market Treasury Bills Outstanding (TT$M)","Central Government Open Market Treasury Note Issuances (TT$Mn)","Central Government Open Market Treasury Note Repayments (TT$Mn)","Central Government Open Market Treasury Notes Outstanding (TT$Mn)","Central Government Domestic Bond Issues (TT$Mn)","Central Government Domestic Bond Repayments (TT$Mn)","Central Government Domestic Bonds Outstanding (TT$M)","Central Government Liquidity Absorption Bonds Issuances (TT$Mn)","Central Government Liquidity Absorption Bonds Repayments (TT$Mn)","Central Government Liquidity Absorption Bonds Outstanding (TT$Mn)","Central Government Total Sterilized Debt Outstanding (TT$Mn)","Central Government CLICO and HCU Zero-Coupon Bonds Allocations (TT$M)","Central Government CLICO and HCU Zero-Coupon Bonds Conversions and Redemptions (TT$M)","Central Government CLICO and HCU Zero-Coupon Bonds Outstanding (TT$M)","3 Month Treasury Bill: Average Discount Rate â€“ End of Period (%)"
"Sep-2020","n.d","n.d","n.d","n.d","n.d","n.d","n.d","n.d","n.d","n.d","n.d","n.d","n.d","n.d","n.d","n.d","n.d","n.d","n.d","n.d","n.d","n.d","n.d"
"Aug-2020","n.d","n.d","n.d","n.d","n.d","n.d","n.d","n.d","n.d","n.d","n.d","n.d","n.d","n.d","n.d","n.d","n.d","n.d","n.d","n.d","n.d","n.d","0.61"
"Jul-2020","n.d","n.d","n.d","n.d","n.d","n.d","n.d","n.d","n.d","n.d","n.d","n.d","n.d","n.d","n.d","n.d","n.d","n.d","n.d","n.d","n.d","n.d","0.76"
"Jun-2020","n.d","n.d","n.d","n.d","n.d","n.d","n.d","n.d","n.d","n.d","n.d","n.d","n.d","n.d","n.d","n.d","n.d","n.d","n.d","n.d","n.d","n.d","0.95"
"May-2020","69671.5","27800.9","97472.4","575","475","6136","0","400","10554","0","0","2132","1000","1700","46643.2","0","0","2309.3","14995.3","0","0","1789.6","0.95"
"Apr-2020","69098.7","26763.3","95862","250","250","6036","0","2767","10954","0","0","2132","346.6","1.4","45770.4","0","0","2309.3","15395.3","0","0","1789.6","1.03"
"Mar-2020","71179.5","27489.7","98669.2","759","555","6036","425","2992","13721","0","0","2132","2250","20.8","45082.9","0","0","2309.3","18162.3","0","0.2","1789.6","1.09"
"Feb-2020","73542.7","27732.9","101276","1407","50","5832","2876","2494","16288","0","0","2132","0","0","43094.6","0","0","2309.3","20729.3","0","0.5","1789.8","1.09"
"Jan-2020","69815.9","27629.6","97445.5","225","225","4475","6861","1469","15906","0","0","2132","0","4.6","43106.8","0","0","2309.3","20347.3","0","0","1790.3","0.98"
"Dec-2019","64456.8","27284.9","91741.7","1030","0","4475","0","2365","10514","0","0","2132","1200","1360.3","43115.7","0","0","2309.3","14955.3","0","0","1790.3","1.14"
"Nov-2019","65946","26364.7","92310.7","305","200","3445","650","1992","12879","0","0","2132","1600","125","43269.9","0","0","2309.3","17320.3","0","470.7","1790.3","1.14"
"Oct-2019","66139.2","26370.9","92510.1","250","250","3340","2550","2390.5","14221","700","0","2132","500","0","41755.4","0","0","2309.3","18662.3","0","0.3","2261","1.05"
"Sep-2019","64779","26283.8","91062.8","305","305","3340","2000","1709","14061.5","0","500","1432","300","495.6","41253","0","0","2309.3","17802.8","0","18.7","2261.3","1.19"
"Aug-2019","65263.7","26457.7","91721.4","690","175","3340","0","260","13770.5","0","0","1932","543","300","41510","0","0","2309.3","18011.8","0","0.2","2280","1.19"
"Jul-2019","64766.2","25719.1","90485.3","330","225","2825","0","0","14030.5","0","500","1932","0","16.1","41267.4","0","0","2309.3","18271.8","0","6.2","2280.1","1.22"
"Jun-2019","65184.7","25969.3","91154","640","125","2720","0","1420","14030.5","0","0","2432","0","159.5","41273.1","0","0","2309.3","18771.8","0","0.2","2286.4","1.26"
"May-2019","66248.3","25854.1","92102.4","650","350","2205","0","3415.7","15450.5","0","790","2432","1700","125","41431.6","0","0","2309.3","20191.8","0.3","0","2286.5","1.25"
"Apr-2019","68578.3","25827.2","94405.5","250","250","1905","719.5","1715","18866.2","190","495","3222","800","1.3","39856.2","0","0","2309.3","24397.5","0","0","2286.2","1.12"
"Mar-2019","69349.5","25925.6","95275.1","275","275","1905","3762","3561.2","19861.7","0","0","3527","142.4","275.6","39325.6","0","0","2309.3","25698","0","1","2286.2","1.3"
"Feb-2019","69263.9","25963.4","95227.3","125","125","1905","2160","2131","19660.9","0","0","3527","500","0","39439.8","0","0","2309.3","25497.2","0","4.1","2287.2","1.34"
"Jan-2019","68741.4","26052.9","94794.3","225","225","1905","819","1487.5","19631.9","742","0","3527","0","15.7","38942.3","0","0","2309.3","25468.2","0","0.8","2291.3","1.19"
"Dec-2018","68685.3","26225.9","94911.2","200","200","1905","3345","1605","20300.4","0","0","2785","0","176.2","38947.6","0","0","2309.3","25394.7","0","0","2292.1","1.26"
"Nov-2018","67114.4","25792.6","92907","200","200","1905","2362","3109.7","18560.4","0","0","2785","2340","765","39116.7","0","0","2309.3","23654.7","0","470.9","2292.1","1.24"
"Oct-2018","66722.8","24664.8","91387.6","250","250","1905","2280","1245.4","19308.1","0","0","2785","0","1.3","37506.5","0","0","2309.3","24402.4","0","4.9","2763","1.23"
"Sep-2018","65695.3","24710.1","90405.4","680","680","1905","4797","1694.5","18273.4","0","75","2785","450","725.6","37507.6","0","0","2309.3","23367.7","0","19.3","2767.9","1.2"
"Aug-2018","62942.6","24764.1","87706.7","175","175","1905","530","3311.7","15170.9","0","125","2860","0","0","37763.1","0","0","2309.3","20340.2","0.5","0","2787.2","1.19"
"Jul-2018","65850.4","24805","90655.4","380","380","1905","400","2740.7","17952.6","0","0","2985","0","15.4","37764.7","0","0","2309.3","23246.9","0","0.7","2786.7","1.14"
"Jun-2018","68207","24883.7","93090.7","355","355","1905","1320","1809","20293.3","0","0","2985","750","428.8","37769","0","0","2309.3","25587.6","0","0.7","2787.5","1.19"
"May-2018","68624.7","24909.1","93533.8","350","350","1905","4834.5","2843.4","20782.3","0","400","2985","0","208.1","37444.5","0","0","2559.3","26326.6","0","0.2","2788.2","1.18"
"Apr-2018","67166.2","24889.6","92055.8","250","250","1905","1438","1866.5","18791.2","0","0","3385","0","43.3","37576.9","0","0","2559.3","24735.5","0","1.9","2788.3","1.05"
"Mar-2018","67639.4","23717.6","91357","275","275","1905","3408.7","2158.3","19219.7","0","100","3385","1200","1475.6","37618.5","0","0","2559.3","25164","0.6","1","2790.2","1.15"
"Feb-2018","66747.2","23766.2","90513.4","330","330","1905","1875","686","17969.3","0","0","3485","0","0","37876.3","0","0","2559.3","24013.6","0","0","2790.6","1.02"
"Jan-2018","65557.8","23756.1","89313.9","225","225","1905","1183.5","2569.4","16780.3","0","483","3485","1200","1215.1","37875.9","0","0","2559.3","22824.6","0","6.3","2790.6","1.23"
"Dec-2017","67451.7","23920.2","91371.9","200","200","1905","1979.3","1585","18166.3","0","500","3968","675","176.2","37884","0","0","2559.3","24693.6","0","1.1","2796.9","1.16"
"Nov-2017","67057.6","23860.7","90918.3","405","405","1905","2154.7","2577.5","17772","0","850","4468","1000","136.3","37380.7","0","0","2559.3","24799.3","0.6","471.9","2798","1.3"
"Oct-2017","67908","23850.2","91758.2","250","250","1905","1316.4","1720.8","18194.8","0","1135","5318","1000","0","36487","0","0","2559.3","26072.1","0","0.2","3269.2","1.27"
"Sep-2017","68448.9","23522.7","91971.6","275","275","1905","2444.5","2322.8","18599.2","0","512.5","6453","2500","1654","35487.1","0","0","2559.3","27611.5","0","18.7","3269.5","0.95"
"Aug-2017","67944.7","23459.9","91404.6","330","330","1905","3777.2","2717.9","18477.5","0","597.3","6965.5","0","0","34573.1","0","0","2559.3","28002.3","0","4.4","3288.2","1.3"
"Jul-2017","67487.7","22552.3","90040","475","475","1905","810.9","1897","17418.3","0","0","7562.8","0","1279.3","34573.7","0","0","2559.3","27540.4","0.5","5.1","3292.5","1.27"
"Jun-2017","69793.6","21566","91359.6","200","200","1905","1454","1994","18504.4","0","115","7562.8","2200","149.6","35778.6","0","0","2559.3","28626.5","0","2.6","3297.1","1.2"
"May-2017","68399.6","21491.8","89891.4","1405","300","1905","2962.4","1942.5","19044.4","590","651","7677.8","0","136.7","33724.7","0","0","2559.3","29281.5","0","0.9","3299.7","1.14"
"Apr-2017","66473.8","21433.4","87907.2","150","150","800","1110","1305","18024.4","0","462","7738.8","0","1.2","33862","0","0","2559.3","28322.5","0","2.2","3300.6","1.16"
"Mar-2017","67134.1","21478.3","88612.4","275","275","800","2564.3","2106.2","18219.4","0","484","8200.8","1518.3","193.4","33861.9","0","0","2559.3","28979.5","0","12.4","3302.8","1.05"
"Feb-2017","65869","21462.7","87331.7","125","125","800","502","2356","17761.3","0","110","8684.8","1000","29.5","32558.5","0","0","2559.3","29005.4","1.3","3.2","3315.2","1.01"
"Jan-2017","66865","21526.8","88391.8","225","225","800","2030.1","2879.5","19615.3","0","0","8794.8","0","14.5","31588.6","0","0","2559.3","30969.4","0","0.1","3317.1","1.06"
"Dec-2016","67729","21578.7","89307.7","200","200","800","1715","1704","20464.7","0","0","8794.8","1003.5","34.2","31593.2","0","0","2559.3","31818.8","0","2.3","3317.3","1.12"
"Nov-2016","66866.2","21636.8","88503","300","300","800","2125","1340","20453.7","0","0","8794.8","27.2","181.9","30736.7","0","0","2559.3","31807.8","0.1","476.4","3319.6","0.65"
"Oct-2016","66729.4","21608.6","88338","150","150","800","1548.1","1668.3","19688.7","0","258","8794.8","2.1","0","30888.6","0","0","2559.3","31042.8","2.1","0.1","3795.9","1.2"
"Sep-2016","67086.7","21362.3","88449","275","275","800","3372.8","1858.7","19788.9","75","405","9052.8","22.7","75.9","30888.6","0","0","2559.3","31401","0","21.4","3793.9","1.16"
"Aug-2016","66180.6","21134.1","87314.7","125","125","800","2341.4","2825.5","18274.8","0","0","9382.8","0","15.3","31151.4","0","0","2559.3","30216.9","0","0.2","3815.3","1.19"
"Jul-2016","66680.2","14441.9","81122.1","225","225","800","2197","2574.7","18758.9","500","0","9382.8","0","4.5","31166.7","0","0","2559.3","30701","1.2","55.4","3815.5","1.19"
"Jun-2016","66624.9","14533.8","81158.8","200","200","800","1689","1024","19136.6","0","917","8882.8","2000","376.5","31169.8","0","0","2559.3","30578.6","0","49.3","3869.8","1.2"
"May-2016","65304.7","14249.3","79554.1","300","300","800","2642.5","2525.1","18471.6","400","75","9799.8","1162.9","144","29546.3","0","0","2559.3","30830.6","0","0.2","3919","1.2"
"Apr-2016","63843.6","14235","78078.7","150","150","800","625","2401.6","18354.2","0","0","9474.8","0","0","28527.4","0","0","2559.3","30388.3","0","0.2","3919.3","1.15"
"Mar-2016","65625.6","14267.8","79893.4","275","275","800","1860.7","1845","20130.8","100","172.8","9474.8","22.1","75","28527.4","0","0","2559.3","32164.9","0","1.4","3919.5","1.15"
"Feb-2016","65740.9","14028.6","79769.5","125","125","800","4132.1","2680","20115.1","100","0","9547.5","0","15","28580.2","0","0","4399.3","34061.9","0","8.5","3920.9","1.15"
"Jan-2016","64213.9","14015.9","78229.8","225","225","800","1941.2","1883.1","18663","0","250","9447.5","0","64.5","28593","0","0","4399.3","32509.8","0","0.5","3929.3","1.01"
"Dec-2015","64487.5","14104.5","78592","200","200","800","1704","1630","18604.9","0","0","9697.5","0","1148.4","28660.8","0","0","4399.3","32701.7","10.6","2.4","3927.7","0.97"
"Nov-2015","65553.1","13747.5","79300.6","300","300","800","1080","1525","18530.9","0","0","9697.5","1524.3","21.3","29805","0","0","4399.3","32627.7","0","479","3919.5","0.86"
"Oct-2015","64808.7","13716.7","78525.4","150","150","800","3387.3","9449.6","18975.9","500","0","9697.5","0","0","28132.8","0","0","4399.3","33072.7","0","3.4","4398.5","0.86"
"Sep-2015","70384.2","13759.6","84143.8","275","275","800","2968.7","2781.1","25038.2","200","132.5","9197.5","1198.8","97.4","28132.8","0","0","4399.3","38635","7.7","18.1","4401.9","0.52"
"Aug-2015","68496.5","14881.1","83377.6","125","125","800","2675.5","1700.4","24435.6","377.3","0","9130","2.6","0","26901.2","0","0","4399.3","37964.9","0","1.4","4412.3","0.4"
"Jul-2015","67146.6","14669.6","81816.2","225","225","800","2313.5","3232","23460.5","0","333.3","8752.7","0","41.6","26898.6","0","0","4399.3","36612.5","1","3.3","4413.7","0.4"
"Jun-2015","68455.2","14736.3","83191.5","200","200","800","1704","1256.1","24379","0","0","9086","475.3","357.9","26940.2","0","0","4399.3","37864.3","19.3","3.8","4416.1","0.58"
"May-2015","67880","14808.6","82688.6","300","300","800","2750","1051","23931.1","0","0","9086","0","542","26822.8","0","0","4399.3","37416.4","0","0.9","4400.6","0.6"
"Apr-2015","66727.4","14676.9","81404.3","150","150","800","1100","2780.7","22232.1","250","0","9086","0","16.7","27364.8","0","0","4399.3","35717.4","2.8","5.5","4401.5","0.04"
"Mar-2015","68186.8","14741.7","82928.5","275","275","800","2240","1655.7","23912.8","484","0","8836","0","425.2","27381.5","0","0","4399.3","37148.1","15.8","4.1","4404.2","0.11"
"Feb-2015","67535.5","14768.8","82304.2","125","125","800","2766","1710","23328.4","0","0","8352","0","7.7","27806.7","0","0","4399.3","36079.7","19.2","0.6","4392.5","0.16"
"Jan-2015","66472.1","14583.6","81055.7","225","225","800","626.9","637","22272.4","0","0","8352","0","4.6","27814.4","0","0","4399.3","35023.7","270.5","3.3","4373.9","0.1"
"Dec-2014","66232","14477.4","80709.4","200","200","800","1060","525","22282.6","500","100","8352","2100","18.8","27819","0","0","4399.3","35033.9","0","4.6","4106.7","0.1"
"Nov-2014","63225.5","14190.2","77415.6","300","300","800","650","860","21747.6","850","0","7952","0","710","25737.8","0","700","4399.3","34098.9","0","482.3","4111.3","0.12"
"Oct-2014","63781.2","14193.8","77974.9","150","150","800","9381.4","2531.9","21957.6","1393","183","7102","0","8.3","26447.8","0","0","5099.3","34158.9","0.4","5","4593.6","0.12"
"Sep-2014","55743.5","14180.4","69923.9","275","275","800","3006.8","3006.8","15108","905","405","5892","1451.8","524.3","26456.1","0","516","5099.3","26099.3","0","2.4","4598.3","0.11"
"Aug-2014","54312.4","14208.1","68520.5","125","125","800","1400.4","1400.4","15108","0","0","5392","0","25.2","25511.8","0","0","5615.3","26115.3","0","3.2","4600.7","0.1"
"Jul-2014","54344","14113.7","68457.7","225","225","800","2207","2207","15108","0","0","5392","0","22.4","25537","0","0","5615.3","26115.3","0","4","4603.8","0.13"
"Jun-2014","54382.3","14206.6","68588.9","200","200","800","971","671","15108","115","115","5392","335.8","9.2","25559.4","1000","0","5615.3","26115.3","0","11.3","4607.8","0.12"
"May-2014","52781","14167.4","66948.4","300","300","800","1135","1135","14808","351","351","5392","0","20","25241.8","0","0","4615.3","24815.3","0","20.7","4619.2","0.14"
"Apr-2014","52824.9","14179.9","67004.7","150","150","800","2957.7","2143.6","14808","707","315","5392","0","1051.4","25261.8","0","1017.9","4615.3","24815.3","0","1.6","4639.9","0.06"
"Mar-2014","52680.3","14173.2","66853.5","275","275","800","1970","1976","13993.9","0","0","5000","0","17.9","26313.2","0","0","5633.2","24627.1","0.1","10.8","4641.4","0.06"
"Feb-2014","52718.1","14149.3","66867.3","125","125","800","2100","2170","14000","0","0","5000","0","8.3","26331.1","0","0","5633.2","24633.2","0","19.4","4652.2","0.05"
"Jan-2014","52818.8","14133.6","66952.4","225","225","800","2373.7","2503.7","14070","0","0","5000","0","19.5","26339.4","0","0","5633.2","24703.2","0","21.9","4671.5","0.05"
"Dec-2013","53001.7","14197.4","67199.1","200","200","800","1311.1","1311.1","14200","0","0","5000","0","9.2","26358.9","0","0","5633.2","24833.2","0","18.3","4693.4","0.06"
"Nov-2013","53033.6","10676.4","63710","300","300","800","380","380","14200","0","0","5000","0","20","26368.1","0","0","5633.2","24833.2","0","498.2","4711.7","0.11"
"Oct-2013","53554.8","10457.7","64012.4","150","150","800","2027.9","2027.9","14200","0","0","5000","0","25.8","26388.1","0","0","5633.2","24833.2","0.6","35","5209.9","0.07"
"Sep-2013","53623.1","10451.2","64074.3","275","275","800","3786.8","3660.8","14200","52.5","50","5000","1500","468.6","26413.9","0","0","5633.2","24833.2","0.1","14.5","5244.2","0.14"
"Aug-2013","53245.5","10417.9","63663.4","125","125","800","2562.4","2688.4","14074","0","0","4997.5","0","15","26140.2","559.3","0","5633.2","24704.7","9.8","17.8","5258.7","0.14"
"Jul-2013","52838.1","10262.3","63100.4","225","225","800","2018","2018","14200","0","0","4997.5","0","7.7","26155.2","0","0","5073.9","24271.4","6.6","65.7","5266.7","0.14"
"Jun-2013","52915.8","10354","63269.8","200","200","800","2237.7","2237.7","14200","267","199.5","4997.5","0","21.7","26162.9","0","0","5073.9","24271.4","125.7","19.3","5325.7","0.15"
"May-2013","52767.8","9902.6","62670.4","300","300","800","1821.1","1821.1","14200","0","70","4930","0","40.8","26184.6","1000","0","5073.9","24203.9","55.1","20.7","5219.3","0.15"
"Apr-2013","51847","9894.3","61741.3","150","150","800","1027.9","1027.9","14200","0","0","5000","0","17.5","26225.5","0","0","4073.9","23273.9","0","32.7","5184.9","0.15"
"Mar-2013","51905.1","9928.2","61833.3","275","275","800","610","610","14200","172.8","172.8","5000","0","18.6","26243","0","0","4073.9","23273.9","0","96.6","5217.6","0.18"
"Feb-2013","52030","9935.4","61965.4","125","125","800","1295","1295","14200","110","110","5000","0","22.7","26261.6","0","0","4073.9","23273.9","0","26.2","5314.2","0.24"
"Jan-2013","52056.5","9948.4","62004.9","225","225","800","2940.7","2680.6","14200","633","633","4975","0","0","26284.2","0","0","4073.9","23248.9","0","152.2","5340.4","0.35"
"Dec-2012","51984.3","11149.3","63133.6","200","200","800","2128","2388.1","13939.9","100","100","5000","0","21.7","26284.2","0","0","4073.9","23013.8","124.8","2538.7","5492.6","0.39"
"Nov-2012","54684.1","11191.3","65875.4","300","300","800","1443","1363","14200","0","0","5000","0","40.8","26306","0","0","4073.9","23273.9","163.2","1142.3","7906.5","0.46"
"Oct-2012","55626.7","11068.7","66695.4","150","150","800","2734","2544","14120","0","0","5000","5100","17.5","26346.8","0","0","4073.9","23193.9","595","0","8885.6","0.54"
"Sep-2012","49766.8","11133.4","60900.2","275","275","800","3470.7","3665.7","13930","392.5","392.5","5000","2500","440.5","21264.3","0","0","4073.9","23003.9","269.1","0","8290.6","0.52"
"Aug-2012","47326.7","11190.8","58517.5","125","125","800","2914.1","2323.4","14125","345","345","5000","0","22.7","18884.9","0","674.3","4073.9","23198.9","104.9","0","8021.4","0.6"
"Jul-2012","46975.3","11260","58235.3","225","225","800","1384","1751.1","13534.3","333.3","333.3","5000","0","4.5","18907.5","0","0","4748.2","23282.5","216.3","0","7916.5","0.6"
"Jun-2012","47140.9","11348.9","58489.8","200","200","800","2717.6","2779.9","13901.4","0","0","5000","0","26.7","18912.1","0","0","4748.2","23649.6","651.5","0","7700.2","0.5"
"May-2012","46582.1","11379","57961.1","300","300","800","3247.1","3483.4","13963.7","500","500","5000","0","40.8","18938.8","0","0","4748.2","23711.9","741.8","0","7048.7","0.31"
"Apr-2012","46120","11035","57155","150","150","800","2385.2","2385.2","14200","0","0","5000","0","17.5","18979.6","0","0","4748.2","23948.2","962.3","0","6306.9","0.1"
"Mar-2012","45182.3","11100.2","56282.5","275","275","800","2017.5","2017.5","14200","0","0","5000","0","18.6","18997.1","0","0","4748.2","23948.2","1410.7","0","5344.6","0.04"
"Feb-2012","43799.2","11165.6","54964.8","125","125","800","1661.7","1661.7","14200","0","0","5000","0","22.7","19015.7","0","0","4748.2","23948.2","1283.8","0","3933.8","0.1"
"Jan-2012","42540.4","11246.4","53786.8","225","225","800","1169.1","1169.1","14200","0","0","5000","0","4.5","19038.4","0","0","4748.2","23948.2","2650","0","2650","0.22"
"Dec-2011","39904.8","11328.5","51233.3","200","200","800","1837.5","1812.5","14200","0","0","5000","0","26.7","19042.9","0","0","4748.2","23948.2","0","0","0","0.28"
"Nov-2011","39910.2","9650.4","49560.6","300","300","800","1250.4","1275.4","14175","0","0","5000","1500","40.8","19069.7","0","0","4748.2","23923.2","0","0","0","0.23"
"Oct-2011","38478.3","9657.4","48135.7","150","150","800","1038.3","1038.3","14200","183","183","5000","0","17.5","17610.5","0","0","4748.2","23948.2","0","0","0","0.25"
"Sep-2011","38502.5","9711.1","48213.6","275","275","800","1577.9","1577.9","14200","405","405","5000","0","18.6","17628","0","0","4748.2","23948.2","0","0","0","0.25"
"Aug-2011","38485.9","9781.5","48267.4","125","125","800","1691.6","1636.6","14200","0","50","4950","0","22.7","17650.9","0","0","4748.2","23898.2","0","0","0","0.47"
"Jul-2011","38507.8","9858.7","48366.5","225","225","800","1221.4","1220.1","14145","0","0","5000","0","4.5","17673.6","0","0","4748.2","23893.2","0","0","0","0.93"
"Jun-2011","38520.6","9951.2","48471.8","200","200","800","1867.5","1923.7","14143.8","964.5","964.5","5000","0","26.7","17678.1","0","0","4748.2","23892","0","0","0","0.97"
"May-2011","38606.9","9761","48367.9","300","300","800","3540.2","3520.2","14200","496","496","5000","0","40.8","17704.9","0","0","4748.2","23948.2","0","0","0","0.68"
"Apr-2011","38629.9","9769.7","48399.6","150","150","800","1211.7","425","14180","315","315","5000","0","17.5","17745.7","0","0","4748.2","23928.2","0","0","0","0.47"
"Mar-2011","37867.2","9835.2","47702.4","275","275","800","1844.9","1813.5","13393.3","172.8","172.8","5000","0","18.6","17763.2","0","0","4748.2","23141.5","0","0","0","0.4"
"Feb-2011","37864.3","9869.3","47733.6","125","125","800","2248.9","2070.4","13361.9","0","0","5000","0","22.7","17781.8","0","0","4748.2","23110.1","0","0","0","0.47"
"Jan-2011","37710.6","9940.7","47651.3","225","225","800","596.2","955.9","13183.5","0","0","5000","0","4.5","17804.4","0","0","4748.2","22931.7","0","0","0","0.41"
"Dec-2010","38084","10016.2","48100.2","200","200","800","933","1582","13543.2","0","0","5000","0","50.8","17809","0","0","4748.2","23291.4","0","0","0","0.37"
"Nov-2010","38787","9257.3","48044.3","300","300","800","1433","1440.8","14192.1","0","0","5000","0","40.8","17859.8","0","0","4748.2","23940.3","0","0","0","0.31"
"Oct-2010","38837.7","9225.9","48063.6","150","150","800","1000.5","786.5","14200","0","0","5000","0","17.5","17900.6","0","0","4748.2","23948.2","0","0","0","0.28"
"Sep-2010","38647.4","9222.1","47869.5","275","275","800","985.1","1199.1","13986","310","310","5000","0","18.6","17918.1","0","0","4748.2","23734.2","0","0","0","0.34"
"Aug-2010","38902","9170.6","48072.6","125","125","800","1283.7","1283.7","14200","65","65","5000","0","22.7","17950.9","0","0","4748.2","23948.2","0","0","0","0.48"
"Jul-2010","39050.6","9133.4","48184","225","225","800","1303.9","1035.3","14200","0","0","5000","0","9.4","17973.5","0","0","4748.2","23948.2","0","0","0","0.85"
"Jun-2010","38800.2","9192.3","47992.5","200","200","800","2024.2","2292.9","13931.4","0","0","5000","0","45","17982.9","0","0","4748.2","23679.6","0","0","0","1"
"May-2010","39116.8","9144.6","48261.4","300","300","800","2415.3","2415.3","14200","0","0","5000","0","360.8","18027.9","0","0","4748.2","23948.2","0","0","0","1.11"
"Apr-2010","39479.5","9135.6","48615.1","150","150","800","1013.5","1013.5","14200","0","0","5000","794","17.5","18388.7","0","0","4748.2","23948.2","0","0","0","1.15"
"Mar-2010","38709","8963.7","47672.7","275","275","800","1420.9","1420.9","14200","0","0","5000","0","18.6","17612.2","0","0","4748.2","23948.2","0","0","0","1.28"
"Feb-2010","38736.7","8943.5","47680.2","125","125","800","1848","1348","14200","0","0","5000","3699.8","22.7","17630.8","0","0","4748.2","23948.2","0","0","0","1.29"
"Jan-2010","34561.4","8898.3","43459.7","225","225","800","852.3","852.3","13700","25","25","5000","0","0","13953.6","0","0","4748.2","23448.2","0","0","0","1.36"
"Dec-2009","34609.9","8924","43533.9","200","200","800","1452.3","1374.3","13740","0","0","5000","368.6","26.7","13953.6","0","0","4748.2","23488.2","0","0","0","1.36"
"Nov-2009","34193","8488.8","42681.8","300","300","800","907.7","644","13662","0","0","5000","0","40.8","13611.8","0","0","4748.2","23410.2","0","0","0","1.46"
"Oct-2009","33971.9","8440.3","42412.2","150","150","800","259.1","1100.8","13398.3","183","183","5000","231.5","17.5","13652.6","0","0","4748.2","23146.5","0","0","0","1.49"
"Sep-2009","34605.4","8380.5","42985.9","275","275","800","1949","1949","14240","762.5","382.5","5000","0","18.6","13438.6","0","0","4748.2","23988.2","0","0","0","1.85"
"Aug-2009","34248.1","9275.8","43523.9","125","125","800","1159.1","1159.1","14240","280","660","4620","0","22.7","13457.2","0","0","4748.2","23608.2","0","0","0","2.33"
"Jul-2009","34652.2","9293.9","43946.1","225","225","800","325","325","14240","333.3","283.3","5000","682","0","13479.8","0","0","4748.2","23988.2","0","0","0","2.5"
"Jun-2009","33928.4","9318.1","43246.5","200","200","800","1701.1","1568.4","14240","0","0","4950","648.5","45","12797.8","0","0","4748.2","23938.2","0","0","0","2.56"
"May-2009","33194.8","9281.1","42475.9","300","300","800","1961.1","2093.8","14107.3","0","50","4950","0","40.8","12194.4","0","0","4748.2","23805.5","0","0","0","2.52"
"Apr-2009","33420.1","9528","42948.1","150","150","800","1038.7","1038.7","14240","0","0","5000","1500","17.5","12235.2","0","0","4748.2","23988.2","0","0","0","2.3"
"Mar-2009","31943.1","9488","41431.1","275","275","800","1808.6","1808.6","14240","0","0","5000","0","18.6","10752.7","0","0","4748.2","23988.2","0","0","0","3.26"
"Feb-2009","31970.1","9483.8","41453.9","125","125","800","1457.6","1407.6","14240","0","0","5000","0","22.7","10771.3","0","0","4748.2","23988.2","0","0","0","4.37"
"Jan-2009","31994.4","9464.6","41459","225","225","800","480.6","480.6","14240","0","0","5000","0","0","10793.9","0","0","4748.2","23988.2","0","0","0","6.22"
"Dec-2008","32447.2","9244.4","41691.6","200","200","800","1128.8","1058.8","14240","0","0","5000","0","20.8","11238.7","0","0","4748.2","23988.2","0","0","0","6.94"
"Nov-2008","32400.5","9108.6","41509.1","300","300","800","1399.7","1374.4","14170","0","0","5000","0","40.8","11259.5","0","0","4748.2","23918.2","0","0","0","7.04"
"Oct-2008","32417.5","9071.7","41489.2","150","150","800","1193.3","1288.7","14144.6","0","0","5000","0","0","11300.3","0","0","4748.2","23892.8","0","0","0","6.97"
"Sep-2008","33838.1","8963.3","42801.4","275","275","800","1398.9","1206.5","14240","600.5","183","5000","0","118.6","12620.1","0","0","4748.2","23988.2","0","0","0","7.05"
"Aug-2008","33355.5","8914.7","42270.2","125","125","800","1111.2","1271.6","14047.6","775","0","4582.5","0","22.7","12738.7","0","0","4748.2","23378.3","0","0","0","7.02"
"Jul-2008","32801.2","8944.6","41745.8","225","225","800","893","840","14208","308.3","0","3807.5","1200","0","12761.4","0","0","4748.2","22763.7","0","0","0","7.04"
"Jun-2008","31247.5","8958","40205.5","200","200","800","1401.9","1486.9","14155","964.5","0","3499.2","0","45","11561.4","0","0","4748.2","22402.4","0","0","0","7.05"
"May-2008","30415.3","8809.3","39224.6","300","300","800","2171.9","1655.3","14240","496","0","2534.8","0","40.8","11606.4","0","0","4748.2","21523","0","0","0","7.04"
"Apr-2008","29445","8746","38191","150","150","800","1727.2","1117.4","13723.5","315","0","2038.8","0","17.5","11647.2","0","0","4748.2","20510.4","0","0","0","7"
"Mar-2008","28542.8","8709.8","37252.6","275","275","800","2372.5","1953.2","13113.6","172.8","360","1723.8","0","18.6","11664.7","0","0","4748.2","19585.5","0","0","0","7"
"Feb-2008","28337","8734.8","37071.8","125","125","800","1607","962.6","12694.2","85","235","1911","0","22.7","11683.3","1200","0","4748.2","19353.4","0","0","0","6.99"
"Jan-2008","27883.5","8756.6","36640.1","225","225","800","327.6","704.2","12049.8","633","80","2061","0","0","11722.7","0","0","3548.2","17659","0","0","0","7"
"Dec-2007","27614.6","8563.9","36178.5","200","200","800","1855.1","1294.4","12426.5","100","0","1408","0","44","11722.7","0","0","3548.2","17382.7","0","0","0","7"
"Nov-2007","27100","8536.6","35636.6","300","300","800","2321.9","562","11865.7","0","4","1408","0","40.8","11766.7","0","0","3548.2","16821.9","0","0","0","7"
"Oct-2007","25382.3","8387.8","33770.1","150","150","800","1951.9","1131.8","10105.8","0","386","1408","0","17.5","11807.5","0","0","3548.2","15062","0","0","0","7"
"Sep-2007","24970.8","8223","33193.8","275","275","800","1680","1416.4","9285.8","0","0","1794","0","18.6","11825","0","0","3548.2","14628","0","0","0","6.97"
"Aug-2007","24567.2","8264.5","32831.7","125","125","800","2112.1","785","9022.1","0","330","1611","0","22.7","11843.6","0","0","3548.2","14181.3","0","0","0","6.86"
"Jul-2007","23616.8","8264.1","31880.9","225","225","800","1294.2","570","7695.1","0","4","1941","0","0","11866.3","0","0","3548.2","13184.3","0","0","0","6.91"
"Jun-2007","22899.7","8266.7","31166.4","200","200","800","1673.8","1407","6970.9","300","0","1941","0","54","11866.3","0","0","3548.2","12460.1","0","0","0","6.9"
"May-2007","22689","8277.5","30966.5","300","300","800","646","165","6704.1","600","172","1941","0","40.8","11920.3","0","0","3548.2","12193.3","0","0","0","6.83"
"Apr-2007","21872.2","7707.5","29579.7","150","150","800","1798.1","1055.2","6223.1","0","505","1563","1017.9","17.5","11961.1","1017.9","0","3548.2","11334.3","0","0","0","6.81"
"Mar-2007","20638.7","7697.1","28335.8","275","275","800","1955.2","965","5480.2","200","530","2068","0","18.6","10960.7","0","0","2530.3","10078.5","0","0","0","6.8"
"Feb-2007","19904.1","7728.6","27632.7","125","125","800","510","595","4490","0","0","2298","674.3","22.7","10979.3","674.3","0","2530.3","9318.3","0","0","0","6.75"
"Jan-2007","18765.7","7769.7","26535.4","225","225","800","730","911.7","4575","0","0","2298","0","0","9754.6","0","0","1856","8729","0","0","0","6.8"
"Dec-2006","18954.3","7627.7","26582","200","200","800","945","1460","4756.7","0","0","2298","0","50.3","9754.6","0","0","1856","8910.7","0","0","0","6.74"
"Nov-2006","19521.6","7636","27157.6","300","300","800","805","1065","5271.7","0","0","2298","700","40.9","9804.9","700","0","1856","9425.7","0","0","0","6.74"
"Oct-2006","19123.8","7612.6","26736.4","150","150","800","1351.7","625","5531.7","300","805","2298","0","17.5","9145.8","0","0","1156","8985.7","0","0","0","6.72"
"Sep-2006","18938.3","7614.5","26552.8","275","275","800","1340","775","4805","0","4","2817","0","18.6","9163.3","0","0","1156","8778","0","0","0","6.7"
"Aug-2006","18385.6","7648.4","26034","125","125","800","890","170","4240","330","330","2817","0","22.7","9181.9","0","0","1156","8213","0","0","0","6.42"
"Jul-2006","17691.6","7689.5","25381.1","225","225","800","360","700","3520","0","0","2817","0","0","9204.6","0","0","1156","7493","0","0","0","6.14"
"Jun-2006","18037.7","7805.9","25843.6","200","200","800","680","795","3860","0","0","2817","0","52.3","9204.6","0","0","1156","7833","0","0","0","6.12"
"May-2006","18206.8","7830.3","26037.1","300","300","800","250","425","3975","512","0","2817","0","40.8","9256.9","0","0","1156","7948","0","0","0","5.44"
"Apr-2006","18251.8","7839.4","26091.2","150","150","800","980","678","4150","500","315","2645","0","17.5","9297.7","0","0","1156","7951","0","0","0","5.68"
"Mar-2006","17926.7","7846.4","25773.1","275","275","800","845","545","3848","850","113","2600","0","18.6","9315.2","0","0","1156","7604","0","0","0","5.43"
"Feb-2006","17414.7","7865","25279.7","125","125","800","100","437.4","3548","0","310","2363","0","22.7","9333.8","0","0","1156","7067","0","0","0","5.12"
"Jan-2006","18116.5","7907","26023.5","225","225","800","745","695","3885.4","200","0","2673","0","0","9387","0","0","1156","7714.4","0","0","0","4.98"
"Dec-2005","17992.3","8030.7","26023","200","200","800","575","900","3835.4","0","10","2593","0","50.6","9387","0","0","1156","7584.4","0","0","0","4.81"
"Nov-2005","18379.6","7988.7","26368.3","300","300","800","250","310","4160.4","0","0","2603","0","40.8","9437.6","0","0","1156","7919.4","0","0","0","4.95"
"Oct-2005","18481.5","7889.9","26371.4","150","150","800","828","270","4220.4","650","950","2603","0","17.5","9478.4","0","0","1156","7979.4","0","0","0","4.91"
"Sep-2005","18045.2","7894","25939.2","275","275","800","730","455","3662.4","0","0","2703","0","18.6","9495.9","0","0","1156","7521.4","0","0","0","4.92"
"Aug-2005","17888.7","7942.4","25831.1","125","125","800","240","230","3387.4","330","0","2703","0","22.7","9514.5","0","0","1156","7246.4","0","0","0","4.9"
"Jul-2005","17709","7976.3","25685.3","225","225","800","0","4","3377.4","0","0","2373","197.2","0","9537.2","0","0","1156","6906.4","0","0","0","4.99"
"Jun-2005","17517.5","8072.6","25590.1","200","200","800","420","475","3377.4","0","0","2373","0","50","9340","0","0","1156","6906.4","0","0","0","4.88"
"May-2005","17624.2","8065.3","25689.5","300","300","800","0","4","3432.4","0","0","2373","202.8","88.4","9390","0","0","1156","6961.4","0","0","0","4.78"
"Apr-2005","17510.9","8024.9","25535.8","150","150","800","890","445","3432.4","515","714","2373","0","17.5","9275.6","0","0","1156","6961.4","0","0","0","4.78"
"Mar-2005","17286.4","7989","25275.4","275","275","800","210","0","2987.4","438","215","2572","400","81.2","9293.1","0","0","1156","6715.4","0","0","0","4.78"
"Feb-2005","16540.4","8008.5","24548.9","125","125","800","437.4","25","2777.4","310","560","2349","0","457.3","8974.3","0","0","1156","6282.4","0","0","0","4.7"
"Jan-2005","16772.8","8048.7","24821.5","225","225","800","740","785","2365","0","0","2599","0","0","9368.1","0","0","1156","6120","0","0","0","4.7"
"Dec-2004","16823.3","8593.4","25416.7","200","200","800","495","220","2410","10","0","2599","0","0.1","9368.1","0","0","1156","6165","0","0","0","4.7"
"Nov-2004","16540","8586.7","25126.7","300","300","800","650","370","2135","0","0","2589","0","0.1","9368.2","0","0","1156","5880","0","0","0","4.7"
"Oct-2004","16261.1","8597.9","24859","150","150","800","775","230","1855","950","265","2589","0","302.6","9368.3","0","0","1156","5600","0","0","0","4.76"
"Sep-2004","15337.4","9519.6","24857","275","275","800","375","380","1310","0","0","1904","816","0.1","9670.9","516","0","1156","4370","0","0","0","4.76"
"Aug-2004","14568","9572.6","24140.6","125","125","800","425","0","1315","0","0","1904","300","0.1","8855","0","0","640","3859","0","0","0","4.67"
"Jul-2004","13743.5","9601.6","23345.1","225","225","800","0","360","890","0","0","1904","0","0.1","8555.1","0","0","640","3434","0","0","0","4.78"
"Jun-2004","14109","9705.4","23814.4","200","200","800","0","305","1250","0","0","1904","0","0.1","8555.2","0","0","640","3794","0","0","0","4.73"
"May-2004","14415.5","9725","24140.5","300","300","800","290","0","1555","0","0","1904","0","0.1","8555.3","0","0","640","4099","0","0","0","4.79"
"Apr-2004","14126.5","9726.7","23853.2","150","150","800","220","0","1265","714","794","1904","0","0.2","8555.4","0","0","640","3809","0","0","0","4.84"
"Mar-2004","13990.2","9735.8","23726","275","275","800","160","330","1045","215","0","1984","0","658.1","8555.6","0","0","640","3669","0","0","0","4.76"
"Feb-2004","14607.7","9749.2","24356.9","125","125","800","580","480","1215","290","160.7","1769","0","0","9213.7","0","0","640","3624","0","0","0","4.77"
"Jan-2004","14379.3","9775.6","24154.9","225","225","800","305","25","1115","0","0","1639.7","0","45.1","9213.7","0","0","640","3394.7","0","0","0","4.82"
"Dec-2003","14704.3","9360.6","24064.9","200","200","800","80","260","835","0","0","1639.7","0","23.8","9814.3","0","0","640","3114.7","0","0","0","4.76"
"Nov-2003","14909.5","9445.1","24354.6","300","300","800","125","0","1015","0","0","1639.7","640","321.5","9838.1","0","0","640","3294.7","0","0","0","4.85"
"Oct-2003","14466.9","9445.9","23912.8","150","150","800","105","0","890","265","0","1639.7","0","3.5","9519.6","0","0","640","3169.7","0","0","0","4.78"
"Sep-2003","14101.7","9432.3","23534","275","275","800","125","375","785","0","0","1374.7","400","96.3","9523.1","0","0","640","2799.7","0","0","0","4.8"
"Aug-2003","13868.1","9273.1","23141.2","125","125","800","480","50","1035","0","0","1374.7","0","421.5","9219.4","0","0","640","3049.7","0","0","0","4.75"
"Jul-2003","13892.5","9278.7","23171.2","225","225","800","180","160","605","0","0","1374.7","0","26.6","9640.9","0","0","640","2619.7","0","0","0","4.74"
"Jun-2003","13903.5","9326.9","23230.4","200","200","800","200","270","585","0","0","1374.7","500","456.7","9667.5","640","0","640","2599.7","0","0","0","4.94"
"May-2003","13931.4","9313.3","23244.7","300","300","800","140","120","655","0","0","1374.7","500","575.1","9624.2","0","0","0","2029.7","0","0","0","5.03"
"Apr-2003","13987.3","9270.7","23258","150","150","800","70","415","635","794","227","1374.7","0","130.3","9699.3","0","0","0","2009.7","0","0","0","4.91"
"Mar-2003","13896.7","9277.8","23174.5","275","275","800","0","4","980","0","0","807.7","0","61.1","9829.6","0","0","0","1787.7","0","0","0","4.81"
"Feb-2003","13958.6","9309.2","23267.8","125","125","800","415","95","980","420","350","807.7","0","31.1","9890.7","0","0","0","1787.7","0","0","0","4.68"
"Jan-2003","13600.5","9308.4","22908.9","225","225","800","350","425","660","0","70","737.7","0","81.4","9921.8","0","0","0","1397.7","0","0","0","4.6"
"Dec-2002","12923.5","9381","22304.5","200","200","800","0","265","735","0","0","807.7","0","7.4","9332.4","0","0","0","1542.7","0","0","0","4.52"
"Nov-2002","13197.1","9345.7","22542.8","300","300","800","95","0","1000","0","0","807.7","0","0.9","9339.8","0","0","0","1807.7","0","0","0","4"
"Oct-2002","13103.8","9380.7","22484.5","150","150","800","420","0","905","0","0","807.7","0","1.4","9340.7","0","0","0","1712.7","0","0","0","4.22"
"Sep-2002","12686.2","9377.1","22063.3","275","275","800","0","712","485","0","0","807.7","800","1.2","9342.1","0","0","0","1292.7","0","0","0","4.13"
"Aug-2002","12683.4","9386.7","22070.1","125","125","800","0","4","1197","0","0","807.7","0","0.7","8592.6","0","0","0","2004.7","0","0","0","4.25"
"Jul-2002","12692.9","9350.6","22043.5","225","225","800","220","0","1197","0","0","807.7","0","6.1","8593.3","0","0","0","2004.7","0","0","0","4.55"
"Jun-2002","12480.3","9417.5","21897.8","200","200","800","0","220","977","0","0","807.7","300","287.4","8599.4","0","0","0","1784.7","0","0","0","5.05"
"May-2002","12688.8","9407.9","22096.7","300","300","800","0","4","1197","0","0","807.7","0","11.4","8586.8","0","0","0","2004.7","0","0","0","4.6"
"Apr-2002","12700.9","9432.2","22133.1","150","150","800","270","270","1197","227","227","807.7","0","1.7","8598.2","0","0","0","2004.7","0","0","0","5.19"
"Mar-2002","12703.5","9440.4","22143.9","275","275","800","190","190","1197","0","0","807.7","0","0.7","8599.9","0","0","0","2004.7","0","0","0","5.6"
"Feb-2002","12704.9","9458.4","22163.3","125","125","800","0","4","1197","230.7","240","807.7","0","0.9","8600.6","0","0","0","2004.7","0","0","0","5.58"
"Jan-2002","12715.8","9472.6","22188.4","225","225","800","617","322.6","1197","0","0","817","0","4.7","8601.5","0","0","0","2014","0","0","0","5.93"
"Dec-2001","12427.3","9215","21642.3","200","200","800","0","275","902.6","0","0","817","0","3.8","8606.2","0","0","0","1719.6","0","0","0","6.49"
"Nov-2001","12707.2","9204.6","21911.8","300","300","800","0","4","1177.6","0","0","817","0","1.6","8610","0","0","0","1994.6","0","0","0","6.05"
"Oct-2001","12709.5","9198.2","21907.7","150","150","800","120","142","1177.6","0","0","817","0","4.1","8611.6","0","0","0","1994.6","0","0","0","5.36"
"Sep-2001","12736.4","9193.9","21930.3","275","275","800","0","0","1199.6","0","0","817","250","247.4","8615.7","0","0","0","2016.6","0","0","0","6.83"
"Aug-2001","13169.8","9207.6","22377.4","125","125","800","0","0","1199.6","200","200","817","450","8.6","8613.1","0","0","0","2016.6","0","0","0","6.39"
"Jul-2001","12799.4","9198.4","21997.8","225","225","800","325","325","1199.6","0","0","817","0","350.2","8171.7","0","0","0","2016.6","0","0","0","9.34"
"Jun-2001","13150.3","9275.9","22426.2","200","200","800","0","0","1199.6","0","0","817","0","4.3","8521.9","0","0","0","2016.6","0","0","0","9.69"
"May-2001","13070.5","9269.7","22340.2","300","300","800","0","0","1199.6","0","0","817","676","3.6","8526.2","0","0","0","2016.6","0","0","0","9.1"
"Apr-2001","12029.3","9275.9","21305.2","150","150","800","395","341","1199.6","227","227","817","0","14.6","7853.8","0","0","0","2016.6","0","0","0","10.17"
"Mar-2001","11910.5","9284.2","21194.7","275","275","800","170","150","1145.6","0","0","817","0","46.2","7868.4","0","0","0","1962.6","0","0","0","10.42"
"Feb-2001","11936.7","9296.9","21233.6","125","125","800","432","0","1125.6","70","70","817","0","127.4","7914.6","0","0","0","1942.6","0","0","0","10.39"
"Jan-2001","11632.1","9304.8","20936.9","225","225","800","543.6","0","693.6","0","0","817","0","348.7","8042","0","0","0","1510.6","0","0","0","10.38"
"Dec-2000","11437.2","9385.1","20822.3","200","200","800","150","219","150","0","0","817","300","64.1","8390.7","0","0","0","967","0","0","0","10.78"
"Nov-2000","11270.7","9391","20661.7","300","300","800","56","135","219","0","0","817","0","2","8154.8","0","0","0","1036","0","0","0","10.81"
"Oct-2000","11351.7","10146.6","21498.3","150","150","800","55","87","298","0","0","817","0","3.6","8156.8","0","0","0","1115","0","0","0","10.88"
"Sep-2000","11163.6","10123.3","21286.9","275","275","800","190","188","330","0","0","817","0","15.4","8374.1","0","0","0","1147","0","0","0","10.73"
"Aug-2000","11177","10412.6","21589.6","125","125","800","107","0","328","0","0","817","0","2","8389.5","0","0","0","1145","0","0","0","10.52"
"Jul-2000","11602","10429.1","22031.1","225","225","800","123","271","221","0","0","817","0","10.3","8391.5","0","0","0","1038","0","0","0","10.83"
"Jun-2000","11760.3","10483","22243.3","200","200","800","15","582.5","369","0","0","817","0","12.6","8401.8","0","0","0","1186","0","0","0","10.82"
"May-2000","12340.8","8352.8","20693.6","300","300","800","0","168","936.5","0","0","817","650","30.4","8414.4","0","0","0","1753.5","0","0","0","10.74"
"Apr-2000","11889.2","8360.3","20249.5","150","150","800","15","80","1104.5","227","0","817","0","35.9","7794.8","0","0","0","1921.5","0","0","0","10.18"
"Mar-2000","11763.2","8354.8","20118","275","275","800","209","135","1169.5","140","0","590","91.6","325.7","7830.7","0","0","0","1759.5","0","0","0","10.18"
"Feb-2000","11783.3","8654.7","20438","125","125","800","168","135","1095.5","450","0","450","153.6","105","8064.8","0","0","0","1545.5","0","0","0","10.04"
"Jan-2000","11251.7","8668.7","19920.4","225","225","800","520.2","85","1062.5","0","0","0","0","437.8","8016.2","0","0","0","1062.5","0","0","0","10.12"
"Dec-1999","n.d","8734.7","n.d","n.d","n.d","n.d","n.d","n.d","n.d","n.d","n.d","n.d","n.d","n.d","n.d","n.d","n.d","n.d","n.d","n.d","n.d","n.d","10.03"
"Nov-1999","n.d","8685","n.d","n.d","n.d","n.d","n.d","n.d","n.d","n.d","n.d","n.d","n.d","n.d","n.d","n.d","n.d","n.d","n.d","n.d","n.d","n.d","10.09"
"Oct-1999","n.d","8708.1","n.d","n.d","n.d","n.d","n.d","n.d","n.d","n.d","n.d","n.d","n.d","n.d","n.d","n.d","n.d","n.d","n.d","n.d","n.d","n.d","10.01"
"Sep-1999","n.d","8690","n.d","n.d","n.d","n.d","n.d","n.d","n.d","n.d","n.d","n.d","n.d","n.d","n.d","n.d","n.d","n.d","n.d","n.d","n.d","n.d","10.17"
"Aug-1999","n.d","7439.8","n.d","n.d","n.d","n.d","n.d","n.d","n.d","n.d","n.d","n.d","n.d","n.d","n.d","n.d","n.d","n.d","n.d","n.d","n.d","n.d","10.21"
"Jul-1999","n.d","7453.8","n.d","n.d","n.d","n.d","n.d","n.d","n.d","n.d","n.d","n.d","n.d","n.d","n.d","n.d","n.d","n.d","n.d","n.d","n.d","n.d","10.14"
"Jun-1999","n.d","7538.6","n.d","n.d","n.d","n.d","n.d","n.d","n.d","n.d","n.d","n.d","n.d","n.d","n.d","n.d","n.d","n.d","n.d","n.d","n.d","n.d","10.02"
"May-1999","n.d","7556","n.d","n.d","n.d","n.d","n.d","n.d","n.d","n.d","n.d","n.d","n.d","n.d","n.d","n.d","n.d","n.d","n.d","n.d","n.d","n.d","10.29"
"Apr-1999","n.d","7571","n.d","n.d","n.d","n.d","n.d","n.d","n.d","n.d","n.d","n.d","n.d","n.d","n.d","n.d","n.d","n.d","n.d","n.d","n.d","n.d","10.54"
"Mar-1999","n.d","7578.6","n.d","n.d","n.d","n.d","n.d","n.d","n.d","n.d","n.d","n.d","n.d","n.d","n.d","n.d","n.d","n.d","n.d","n.d","n.d","n.d","10.73"
"Feb-1999","n.d","7848.9","n.d","n.d","n.d","n.d","n.d","n.d","n.d","n.d","n.d","n.d","n.d","n.d","n.d","n.d","n.d","n.d","n.d","n.d","n.d","n.d","10.79"
"Jan-1999","n.d","7891.1","n.d","n.d","n.d","n.d","n.d","n.d","n.d","n.d","n.d","n.d","n.d","n.d","n.d","n.d","n.d","n.d","n.d","n.d","n.d","n.d","11.38"
"Dec-1998","n.d","8006.5","n.d","n.d","n.d","n.d","n.d","n.d","n.d","n.d","n.d","n.d","n.d","n.d","n.d","n.d","n.d","n.d","n.d","n.d","n.d","n.d","11.81"
"Nov-1998","n.d","7906.5","n.d","n.d","n.d","n.d","n.d","n.d","n.d","n.d","n.d","n.d","n.d","n.d","n.d","n.d","n.d","n.d","n.d","n.d","n.d","n.d","12.12"
"Oct-1998","n.d","7901.6","n.d","n.d","n.d","n.d","n.d","n.d","n.d","n.d","n.d","n.d","n.d","n.d","n.d","n.d","n.d","n.d","n.d","n.d","n.d","n.d","12.09"
"Sep-1998","n.d","7904.4","n.d","n.d","n.d","n.d","n.d","n.d","n.d","n.d","n.d","n.d","n.d","n.d","n.d","n.d","n.d","n.d","n.d","n.d","n.d","n.d","11.91"
"Aug-1998","n.d","8172.9","n.d","n.d","n.d","n.d","n.d","n.d","n.d","n.d","n.d","n.d","n.d","n.d","n.d","n.d","n.d","n.d","n.d","n.d","n.d","n.d","11.97"
"Jul-1998","n.d","8172.9","n.d","n.d","n.d","n.d","n.d","n.d","n.d","n.d","n.d","n.d","n.d","n.d","n.d","n.d","n.d","n.d","n.d","n.d","n.d","n.d","11.89"
"Jun-1998","n.d","8285.6","n.d","n.d","n.d","n.d","n.d","n.d","n.d","n.d","n.d","n.d","n.d","n.d","n.d","n.d","n.d","n.d","n.d","n.d","n.d","n.d","11.97"
"May-1998","n.d","8272","n.d","n.d","n.d","n.d","n.d","n.d","n.d","n.d","n.d","n.d","n.d","n.d","n.d","n.d","n.d","n.d","n.d","n.d","n.d","n.d","11.89"
"Apr-1998","n.d","8292.5","n.d","n.d","n.d","n.d","n.d","n.d","n.d","n.d","n.d","n.d","n.d","n.d","n.d","n.d","n.d","n.d","n.d","n.d","n.d","n.d","11.96"
"Mar-1998","n.d","8276.2","n.d","n.d","n.d","n.d","n.d","n.d","n.d","n.d","n.d","n.d","n.d","n.d","n.d","n.d","n.d","n.d","n.d","n.d","n.d","n.d","11.89"
"Feb-1998","n.d","8549.6","n.d","n.d","n.d","n.d","n.d","n.d","n.d","n.d","n.d","n.d","n.d","n.d","n.d","n.d","n.d","n.d","n.d","n.d","n.d","n.d","11.87"
"Jan-1998","n.d","8621.4","n.d","n.d","n.d","n.d","n.d","n.d","n.d","n.d","n.d","n.d","n.d","n.d","n.d","n.d","n.d","n.d","n.d","n.d","n.d","n.d","11.83"
"Dec-1997","n.d","8670.4","n.d","n.d","n.d","n.d","n.d","n.d","n.d","n.d","n.d","n.d","n.d","n.d","n.d","n.d","n.d","n.d","n.d","n.d","n.d","n.d","11.34"
"Nov-1997","n.d","8672.9","n.d","n.d","n.d","n.d","n.d","n.d","n.d","n.d","n.d","n.d","n.d","n.d","n.d","n.d","n.d","n.d","n.d","n.d","n.d","n.d","10.45"
"Oct-1997","n.d","9275.2","n.d","n.d","n.d","n.d","n.d","n.d","n.d","n.d","n.d","n.d","n.d","n.d","n.d","n.d","n.d","n.d","n.d","n.d","n.d","n.d","10.54"
"Sep-1997","n.d","9282.4","n.d","n.d","n.d","n.d","n.d","n.d","n.d","n.d","n.d","n.d","n.d","n.d","n.d","n.d","n.d","n.d","n.d","n.d","n.d","n.d","10.85"
"Aug-1997","n.d","9566.3","n.d","n.d","n.d","n.d","n.d","n.d","n.d","n.d","n.d","n.d","n.d","n.d","n.d","n.d","n.d","n.d","n.d","n.d","n.d","n.d","9.63"
"Jul-1997","n.d","9707.7","n.d","n.d","n.d","n.d","n.d","n.d","n.d","n.d","n.d","n.d","n.d","n.d","n.d","n.d","n.d","n.d","n.d","n.d","n.d","n.d","9.64"
"Jun-1997","n.d","9882.4","n.d","n.d","n.d","n.d","n.d","n.d","n.d","n.d","n.d","n.d","n.d","n.d","n.d","n.d","n.d","n.d","n.d","n.d","n.d","n.d","8.51"
"May-1997","n.d","9896.4","n.d","n.d","n.d","n.d","n.d","n.d","n.d","n.d","n.d","n.d","n.d","n.d","n.d","n.d","n.d","n.d","n.d","n.d","n.d","n.d","8.94"
"Apr-1997","n.d","9816.5","n.d","n.d","n.d","n.d","n.d","n.d","n.d","n.d","n.d","n.d","n.d","n.d","n.d","n.d","n.d","n.d","n.d","n.d","n.d","n.d","8.95"
"Mar-1997","n.d","9851.6","n.d","n.d","n.d","n.d","n.d","n.d","n.d","n.d","n.d","n.d","n.d","n.d","n.d","n.d","n.d","n.d","n.d","n.d","n.d","n.d","8.68"
"Feb-1997","n.d","10103.4","n.d","n.d","n.d","n.d","n.d","n.d","n.d","n.d","n.d","n.d","n.d","n.d","n.d","n.d","n.d","n.d","n.d","n.d","n.d","n.d","9.88"
"Jan-1997","n.d","10098.2","n.d","n.d","n.d","n.d","n.d","n.d","n.d","n.d","n.d","n.d","n.d","n.d","n.d","n.d","n.d","n.d","n.d","n.d","n.d","n.d","11.46"
"Dec-1996","n.d","10212.6","n.d","n.d","n.d","n.d","n.d","n.d","n.d","n.d","n.d","n.d","n.d","n.d","n.d","n.d","n.d","n.d","n.d","n.d","n.d","n.d","11.5"
"Nov-1996","n.d","9078.5","n.d","n.d","n.d","n.d","n.d","n.d","n.d","n.d","n.d","n.d","n.d","n.d","n.d","n.d","n.d","n.d","n.d","n.d","n.d","n.d","11.34"
"Oct-1996","n.d","9105.8","n.d","n.d","n.d","n.d","n.d","n.d","n.d","n.d","n.d","n.d","n.d","n.d","n.d","n.d","n.d","n.d","n.d","n.d","n.d","n.d","11"
"Sep-1996","n.d","9105.1","n.d","n.d","n.d","n.d","n.d","n.d","n.d","n.d","n.d","n.d","n.d","n.d","n.d","n.d","n.d","n.d","n.d","n.d","n.d","n.d","8.54"
"Aug-1996","n.d","9385.9","n.d","n.d","n.d","n.d","n.d","n.d","n.d","n.d","n.d","n.d","n.d","n.d","n.d","n.d","n.d","n.d","n.d","n.d","n.d","n.d","10.58"
"Jul-1996","n.d","9367.8","n.d","n.d","n.d","n.d","n.d","n.d","n.d","n.d","n.d","n.d","n.d","n.d","n.d","n.d","n.d","n.d","n.d","n.d","n.d","n.d","10.6"
"Jun-1996","n.d","9556.4","n.d","n.d","n.d","n.d","n.d","n.d","n.d","n.d","n.d","n.d","n.d","n.d","n.d","n.d","n.d","n.d","n.d","n.d","n.d","n.d","10.72"
"May-1996","n.d","9556.4","n.d","n.d","n.d","n.d","n.d","n.d","n.d","n.d","n.d","n.d","n.d","n.d","n.d","n.d","n.d","n.d","n.d","n.d","n.d","n.d","10.75"
"Apr-1996","n.d","9505.5","n.d","n.d","n.d","n.d","n.d","n.d","n.d","n.d","n.d","n.d","n.d","n.d","n.d","n.d","n.d","n.d","n.d","n.d","n.d","n.d","10.65"
"Mar-1996","n.d","9463.5","n.d","n.d","n.d","n.d","n.d","n.d","n.d","n.d","n.d","n.d","n.d","n.d","n.d","n.d","n.d","n.d","n.d","n.d","n.d","n.d","10.16"
"Feb-1996","n.d","9729","n.d","n.d","n.d","n.d","n.d","n.d","n.d","n.d","n.d","n.d","n.d","n.d","n.d","n.d","n.d","n.d","n.d","n.d","n.d","n.d","9.89"
"Jan-1996","n.d","9724.2","n.d","n.d","n.d","n.d","n.d","n.d","n.d","n.d","n.d","n.d","n.d","n.d","n.d","n.d","n.d","n.d","n.d","n.d","n.d","n.d","9.47"
"Dec-1995","n.d","9841.8","n.d","n.d","n.d","n.d","n.d","n.d","n.d","n.d","n.d","n.d","n.d","n.d","n.d","n.d","n.d","n.d","n.d","n.d","n.d","n.d","9.11"
"Nov-1995","n.d","9727.7","n.d","n.d","n.d","n.d","n.d","n.d","n.d","n.d","n.d","n.d","n.d","n.d","n.d","n.d","n.d","n.d","n.d","n.d","n.d","n.d","9.08"
"Oct-1995","n.d","9669.2","n.d","n.d","n.d","n.d","n.d","n.d","n.d","n.d","n.d","n.d","n.d","n.d","n.d","n.d","n.d","n.d","n.d","n.d","n.d","n.d","9.25"
"Sep-1995","n.d","9623.7","n.d","n.d","n.d","n.d","n.d","n.d","n.d","n.d","n.d","n.d","n.d","n.d","n.d","n.d","n.d","n.d","n.d","n.d","n.d","n.d","9.24"
"Aug-1995","n.d","9814.8","n.d","n.d","n.d","n.d","n.d","n.d","n.d","n.d","n.d","n.d","n.d","n.d","n.d","n.d","n.d","n.d","n.d","n.d","n.d","n.d","9.25"
"Jul-1995","n.d","10044.2","n.d","n.d","n.d","n.d","n.d","n.d","n.d","n.d","n.d","n.d","n.d","n.d","n.d","n.d","n.d","n.d","n.d","n.d","n.d","n.d","9.25"
"Jun-1995","n.d","10187.8","n.d","n.d","n.d","n.d","n.d","n.d","n.d","n.d","n.d","n.d","n.d","n.d","n.d","n.d","n.d","n.d","n.d","n.d","n.d","n.d","8.96"
"May-1995","n.d","10312.9","n.d","n.d","n.d","n.d","n.d","n.d","n.d","n.d","n.d","n.d","n.d","n.d","n.d","n.d","n.d","n.d","n.d","n.d","n.d","n.d","8.3"
"Apr-1995","n.d","10383.2","n.d","n.d","n.d","n.d","n.d","n.d","n.d","n.d","n.d","n.d","n.d","n.d","n.d","n.d","n.d","n.d","n.d","n.d","n.d","n.d","8.15"
"Mar-1995","n.d","9731.8","n.d","n.d","n.d","n.d","n.d","n.d","n.d","n.d","n.d","n.d","n.d","n.d","n.d","n.d","n.d","n.d","n.d","n.d","n.d","n.d","7.34"
"Feb-1995","n.d","9965","n.d","n.d","n.d","n.d","n.d","n.d","n.d","n.d","n.d","n.d","n.d","n.d","n.d","n.d","n.d","n.d","n.d","n.d","n.d","n.d","6.75"
"Jan-1995","n.d","9967.2","n.d","n.d","n.d","n.d","n.d","n.d","n.d","n.d","n.d","n.d","n.d","n.d","n.d","n.d","n.d","n.d","n.d","n.d","n.d","n.d","5.91"
"Dec-1994","n.d","10060.8","n.d","n.d","n.d","n.d","n.d","n.d","n.d","n.d","n.d","n.d","n.d","n.d","n.d","n.d","n.d","n.d","n.d","n.d","n.d","n.d","n.d"
"Nov-1994","n.d","10331.2","n.d","n.d","n.d","n.d","n.d","n.d","n.d","n.d","n.d","n.d","n.d","n.d","n.d","n.d","n.d","n.d","n.d","n.d","n.d","n.d","n.d"
"Oct-1994","n.d","10420.9","n.d","n.d","n.d","n.d","n.d","n.d","n.d","n.d","n.d","n.d","n.d","n.d","n.d","n.d","n.d","n.d","n.d","n.d","n.d","n.d","n.d"
"Sep-1994","n.d","9606.2","n.d","n.d","n.d","n.d","n.d","n.d","n.d","n.d","n.d","n.d","n.d","n.d","n.d","n.d","n.d","n.d","n.d","n.d","n.d","n.d","n.d"
"Aug-1994","n.d","9742.9","n.d","n.d","n.d","n.d","n.d","n.d","n.d","n.d","n.d","n.d","n.d","n.d","n.d","n.d","n.d","n.d","n.d","n.d","n.d","n.d","n.d"
"Jul-1994","n.d","9321.8","n.d","n.d","n.d","n.d","n.d","n.d","n.d","n.d","n.d","n.d","n.d","n.d","n.d","n.d","n.d","n.d","n.d","n.d","n.d","n.d","n.d"
"Jun-1994","n.d","9408.3","n.d","n.d","n.d","n.d","n.d","n.d","n.d","n.d","n.d","n.d","n.d","n.d","n.d","n.d","n.d","n.d","n.d","n.d","n.d","n.d","n.d"
"May-1994","n.d","9377.1","n.d","n.d","n.d","n.d","n.d","n.d","n.d","n.d","n.d","n.d","n.d","n.d","n.d","n.d","n.d","n.d","n.d","n.d","n.d","n.d","n.d"
"Apr-1994","n.d","9369.4","n.d","n.d","n.d","n.d","n.d","n.d","n.d","n.d","n.d","n.d","n.d","n.d","n.d","n.d","n.d","n.d","n.d","n.d","n.d","n.d","n.d"
"Mar-1994","n.d","9147.5","n.d","n.d","n.d","n.d","n.d","n.d","n.d","n.d","n.d","n.d","n.d","n.d","n.d","n.d","n.d","n.d","n.d","n.d","n.d","n.d","n.d"
"Feb-1994","n.d","9088.8","n.d","n.d","n.d","n.d","n.d","n.d","n.d","n.d","n.d","n.d","n.d","n.d","n.d","n.d","n.d","n.d","n.d","n.d","n.d","n.d","n.d"
"Jan-1994","n.d","9082.6","n.d","n.d","n.d","n.d","n.d","n.d","n.d","n.d","n.d","n.d","n.d","n.d","n.d","n.d","n.d","n.d","n.d","n.d","n.d","n.d","n.d"
"Dec-1993","n.d","9108.4","n.d","n.d","n.d","n.d","n.d","n.d","n.d","n.d","n.d","n.d","n.d","n.d","n.d","n.d","n.d","n.d","n.d","n.d","n.d","n.d","n.d"
"Nov-1993","n.d","9309.9","n.d","n.d","n.d","n.d","n.d","n.d","n.d","n.d","n.d","n.d","n.d","n.d","n.d","n.d","n.d","n.d","n.d","n.d","n.d","n.d","n.d"
"Oct-1993","n.d","8582.3","n.d","n.d","n.d","n.d","n.d","n.d","n.d","n.d","n.d","n.d","n.d","n.d","n.d","n.d","n.d","n.d","n.d","n.d","n.d","n.d","n.d"
"Sep-1993","n.d","8456.1","n.d","n.d","n.d","n.d","n.d","n.d","n.d","n.d","n.d","n.d","n.d","n.d","n.d","n.d","n.d","n.d","n.d","n.d","n.d","n.d","n.d"
"Aug-1993","n.d","8669.6","n.d","n.d","n.d","n.d","n.d","n.d","n.d","n.d","n.d","n.d","n.d","n.d","n.d","n.d","n.d","n.d","n.d","n.d","n.d","n.d","n.d"
"Jul-1993","n.d","8648.5","n.d","n.d","n.d","n.d","n.d","n.d","n.d","n.d","n.d","n.d","n.d","n.d","n.d","n.d","n.d","n.d","n.d","n.d","n.d","n.d","n.d"
"Jun-1993","n.d","8469.1","n.d","n.d","n.d","n.d","n.d","n.d","n.d","n.d","n.d","n.d","n.d","n.d","n.d","n.d","n.d","n.d","n.d","n.d","n.d","n.d","n.d"
"May-1993","n.d","8600.5","n.d","n.d","n.d","n.d","n.d","n.d","n.d","n.d","n.d","n.d","n.d","n.d","n.d","n.d","n.d","n.d","n.d","n.d","n.d","n.d","n.d"
"Apr-1993","n.d","8505.1","n.d","n.d","n.d","n.d","n.d","n.d","n.d","n.d","n.d","n.d","n.d","n.d","n.d","n.d","n.d","n.d","n.d","n.d","n.d","n.d","n.d"
"Mar-1993","n.d","6274.3","n.d","n.d","n.d","n.d","n.d","n.d","n.d","n.d","n.d","n.d","n.d","n.d","n.d","n.d","n.d","n.d","n.d","n.d","n.d","n.d","n.d"
"Feb-1993","n.d","6399.7","n.d","n.d","n.d","n.d","n.d","n.d","n.d","n.d","n.d","n.d","n.d","n.d","n.d","n.d","n.d","n.d","n.d","n.d","n.d","n.d","n.d"
"Jan-1993","n.d","6633.8","n.d","n.d","n.d","n.d","n.d","n.d","n.d","n.d","n.d","n.d","n.d","n.d","n.d","n.d","n.d","n.d","n.d","n.d","n.d","n.d","n.d"
"Dec-1992","n.d","6547.5","n.d","n.d","n.d","n.d","n.d","n.d","n.d","n.d","n.d","n.d","n.d","n.d","n.d","n.d","n.d","n.d","n.d","n.d","n.d","n.d","n.d"
"Nov-1992","n.d","6708.9","n.d","n.d","n.d","n.d","n.d","n.d","n.d","n.d","n.d","n.d","n.d","n.d","n.d","n.d","n.d","n.d","n.d","n.d","n.d","n.d","n.d"
"Oct-1992","n.d","6299.6","n.d","n.d","n.d","n.d","n.d","n.d","n.d","n.d","n.d","n.d","n.d","n.d","n.d","n.d","n.d","n.d","n.d","n.d","n.d","n.d","n.d"
"Sep-1992","n.d","6666.6","n.d","n.d","n.d","n.d","n.d","n.d","n.d","n.d","n.d","n.d","n.d","n.d","n.d","n.d","n.d","n.d","n.d","n.d","n.d","n.d","n.d"
"Aug-1992","n.d","6537.3","n.d","n.d","n.d","n.d","n.d","n.d","n.d","n.d","n.d","n.d","n.d","n.d","n.d","n.d","n.d","n.d","n.d","n.d","n.d","n.d","n.d"
"Jul-1992","n.d","6432.5","n.d","n.d","n.d","n.d","n.d","n.d","n.d","n.d","n.d","n.d","n.d","n.d","n.d","n.d","n.d","n.d","n.d","n.d","n.d","n.d","n.d"
"Jun-1992","n.d","6484.7","n.d","n.d","n.d","n.d","n.d","n.d","n.d","n.d","n.d","n.d","n.d","n.d","n.d","n.d","n.d","n.d","n.d","n.d","n.d","n.d","n.d"
"May-1992","n.d","6382.8","n.d","n.d","n.d","n.d","n.d","n.d","n.d","n.d","n.d","n.d","n.d","n.d","n.d","n.d","n.d","n.d","n.d","n.d","n.d","n.d","n.d"
"Apr-1992","n.d","6216.4","n.d","n.d","n.d","n.d","n.d","n.d","n.d","n.d","n.d","n.d","n.d","n.d","n.d","n.d","n.d","n.d","n.d","n.d","n.d","n.d","n.d"
"Mar-1992","n.d","6215.2","n.d","n.d","n.d","n.d","n.d","n.d","n.d","n.d","n.d","n.d","n.d","n.d","n.d","n.d","n.d","n.d","n.d","n.d","n.d","n.d","n.d"
"Feb-1992","n.d","6254.7","n.d","n.d","n.d","n.d","n.d","n.d","n.d","n.d","n.d","n.d","n.d","n.d","n.d","n.d","n.d","n.d","n.d","n.d","n.d","n.d","n.d"
"Jan-1992","n.d","6610.7","n.d","n.d","n.d","n.d","n.d","n.d","n.d","n.d","n.d","n.d","n.d","n.d","n.d","n.d","n.d","n.d","n.d","n.d","n.d","n.d","n.d"
"Dec-1991","n.d","6601.2","n.d","n.d","n.d","n.d","n.d","n.d","n.d","n.d","n.d","n.d","n.d","n.d","n.d","n.d","n.d","n.d","n.d","n.d","n.d","n.d","n.d"
"Nov-1991","n.d","6394.7","n.d","n.d","n.d","n.d","n.d","n.d","n.d","n.d","n.d","n.d","n.d","n.d","n.d","n.d","n.d","n.d","n.d","n.d","n.d","n.d","n.d"
"Oct-1991","n.d","6387.8","n.d","n.d","n.d","n.d","n.d","n.d","n.d","n.d","n.d","n.d","n.d","n.d","n.d","n.d","n.d","n.d","n.d","n.d","n.d","n.d","n.d"
"Sep-1991","n.d","6396","n.d","n.d","n.d","n.d","n.d","n.d","n.d","n.d","n.d","n.d","n.d","n.d","n.d","n.d","n.d","n.d","n.d","n.d","n.d","n.d","n.d"
"Aug-1991","n.d","6285.8","n.d","n.d","n.d","n.d","n.d","n.d","n.d","n.d","n.d","n.d","n.d","n.d","n.d","n.d","n.d","n.d","n.d","n.d","n.d","n.d","n.d"
"Jul-1991","n.d","6274.8","n.d","n.d","n.d","n.d","n.d","n.d","n.d","n.d","n.d","n.d","n.d","n.d","n.d","n.d","n.d","n.d","n.d","n.d","n.d","n.d","n.d"
"Jun-1991","n.d","6283.6","n.d","n.d","n.d","n.d","n.d","n.d","n.d","n.d","n.d","n.d","n.d","n.d","n.d","n.d","n.d","n.d","n.d","n.d","n.d","n.d","n.d"
"May-1991","n.d","6358.4","n.d","n.d","n.d","n.d","n.d","n.d","n.d","n.d","n.d","n.d","n.d","n.d","n.d","n.d","n.d","n.d","n.d","n.d","n.d","n.d","n.d"
"Apr-1991","n.d","6393.3","n.d","n.d","n.d","n.d","n.d","n.d","n.d","n.d","n.d","n.d","n.d","n.d","n.d","n.d","n.d","n.d","n.d","n.d","n.d","n.d","n.d"
"Mar-1991","n.d","6491.8","n.d","n.d","n.d","n.d","n.d","n.d","n.d","n.d","n.d","n.d","n.d","n.d","n.d","n.d","n.d","n.d","n.d","n.d","n.d","n.d","n.d"
"Feb-1991","n.d","6658.4","n.d","n.d","n.d","n.d","n.d","n.d","n.d","n.d","n.d","n.d","n.d","n.d","n.d","n.d","n.d","n.d","n.d","n.d","n.d","n.d","n.d"
"Jan-1991","n.d","6746.4","n.d","n.d","n.d","n.d","n.d","n.d","n.d","n.d","n.d","n.d","n.d","n.d","n.d","n.d","n.d","n.d","n.d","n.d","n.d","n.d","n.d"
"Invalid date","0","0","0","0","0","0","0","0","0","0","0","0","0","0","0","0","0","0","0","0","0","0","0"